PRAGMA foreign_keys=OFF;
BEGIN TRANSACTION;
CREATE TABLE IF NOT EXISTS "django_migrations" ("id" integer NOT NULL PRIMARY KEY AUTOINCREMENT, "app" varchar(255) NOT NULL, "name" varchar(255) NOT NULL, "applied" datetime NOT NULL);
INSERT INTO django_migrations VALUES(1,'contenttypes','0001_initial','2025-04-18 04:58:21.446053');
INSERT INTO django_migrations VALUES(2,'contenttypes','0002_remove_content_type_name','2025-04-18 04:58:21.672736');
INSERT INTO django_migrations VALUES(3,'auth','0001_initial','2025-04-18 04:58:22.154331');
INSERT INTO django_migrations VALUES(4,'auth','0002_alter_permission_name_max_length','2025-04-18 04:58:22.229736');
INSERT INTO django_migrations VALUES(5,'auth','0003_alter_user_email_max_length','2025-04-18 04:58:22.347737');
INSERT INTO django_migrations VALUES(6,'auth','0004_alter_user_username_opts','2025-04-18 04:58:22.417419');
INSERT INTO django_migrations VALUES(7,'auth','0005_alter_user_last_login_null','2025-04-18 04:58:22.483113');
INSERT INTO django_migrations VALUES(8,'auth','0006_require_contenttypes_0002','2025-04-18 04:58:22.546458');
INSERT INTO django_migrations VALUES(9,'auth','0007_alter_validators_add_error_messages','2025-04-18 04:58:22.605358');
INSERT INTO django_migrations VALUES(10,'auth','0008_alter_user_username_max_length','2025-04-18 04:58:22.671453');
INSERT INTO django_migrations VALUES(11,'auth','0009_alter_user_last_name_max_length','2025-04-18 04:58:22.738036');
INSERT INTO django_migrations VALUES(12,'auth','0010_alter_group_name_max_length','2025-04-18 04:58:22.806215');
INSERT INTO django_migrations VALUES(13,'auth','0011_update_proxy_permissions','2025-04-18 04:58:22.906354');
INSERT INTO django_migrations VALUES(14,'auth','0012_alter_user_first_name_max_length','2025-04-18 04:58:22.983536');
INSERT INTO django_migrations VALUES(15,'Blog','0001_initial','2025-04-18 04:58:23.158035');
INSERT INTO django_migrations VALUES(16,'admin','0001_initial','2025-04-18 04:58:23.347439');
INSERT INTO django_migrations VALUES(17,'admin','0002_logentry_remove_auto_add','2025-04-18 04:58:23.440403');
INSERT INTO django_migrations VALUES(18,'admin','0003_logentry_add_action_flag_choices','2025-04-18 04:58:23.575194');
INSERT INTO django_migrations VALUES(19,'sessions','0001_initial','2025-04-18 04:58:23.770456');
INSERT INTO django_migrations VALUES(20,'Blog','0002_alter_customuser_managers_comment_like','2025-04-21 05:33:20.469975');
INSERT INTO django_migrations VALUES(21,'Blog','0002_notification','2025-04-24 06:41:14.349625');
INSERT INTO django_migrations VALUES(22,'Blog','0003_comment_parent','2025-04-29 07:05:57.967135');
INSERT INTO django_migrations VALUES(23,'Blog','0004_alter_blog_featured_image','2025-05-02 05:00:19.898157');
INSERT INTO django_migrations VALUES(24,'Blog','0005_alter_blog_category','2025-05-02 05:39:07.530819');
INSERT INTO django_migrations VALUES(25,'token_blacklist','0001_initial','2025-05-05 10:30:23.494505');
INSERT INTO django_migrations VALUES(26,'token_blacklist','0002_outstandingtoken_jti_hex','2025-05-05 10:30:23.639842');
INSERT INTO django_migrations VALUES(27,'token_blacklist','0003_auto_20171017_2007','2025-05-05 10:30:23.729632');
INSERT INTO django_migrations VALUES(28,'token_blacklist','0004_auto_20171017_2013','2025-05-05 10:30:23.814287');
INSERT INTO django_migrations VALUES(29,'token_blacklist','0005_remove_outstandingtoken_jti','2025-05-05 10:30:23.954450');
INSERT INTO django_migrations VALUES(30,'token_blacklist','0006_auto_20171017_2113','2025-05-05 10:30:24.069606');
INSERT INTO django_migrations VALUES(31,'token_blacklist','0007_auto_20171017_2214','2025-05-05 10:30:24.177448');
INSERT INTO django_migrations VALUES(32,'token_blacklist','0008_migrate_to_bigautofield','2025-05-05 10:30:24.292705');
INSERT INTO django_migrations VALUES(33,'token_blacklist','0010_fix_migrate_to_bigautofield','2025-05-05 10:30:24.413239');
INSERT INTO django_migrations VALUES(34,'token_blacklist','0011_linearizes_history','2025-05-05 10:30:24.519018');
INSERT INTO django_migrations VALUES(35,'token_blacklist','0012_alter_outstandingtoken_user','2025-05-05 10:30:24.612678');
CREATE TABLE IF NOT EXISTS "django_content_type" ("id" integer NOT NULL PRIMARY KEY AUTOINCREMENT, "app_label" varchar(100) NOT NULL, "model" varchar(100) NOT NULL);
INSERT INTO django_content_type VALUES(1,'admin','logentry');
INSERT INTO django_content_type VALUES(2,'auth','permission');
INSERT INTO django_content_type VALUES(3,'auth','group');
INSERT INTO django_content_type VALUES(4,'contenttypes','contenttype');
INSERT INTO django_content_type VALUES(5,'sessions','session');
INSERT INTO django_content_type VALUES(6,'Blog','category');
INSERT INTO django_content_type VALUES(7,'Blog','customuser');
INSERT INTO django_content_type VALUES(8,'Blog','blog');
INSERT INTO django_content_type VALUES(9,'Blog','comment');
INSERT INTO django_content_type VALUES(10,'Blog','like');
INSERT INTO django_content_type VALUES(11,'Blog','notification');
INSERT INTO django_content_type VALUES(12,'token_blacklist','blacklistedtoken');
INSERT INTO django_content_type VALUES(13,'token_blacklist','outstandingtoken');
CREATE TABLE IF NOT EXISTS "auth_group_permissions" ("id" integer NOT NULL PRIMARY KEY AUTOINCREMENT, "group_id" integer NOT NULL REFERENCES "auth_group" ("id") DEFERRABLE INITIALLY DEFERRED, "permission_id" integer NOT NULL REFERENCES "auth_permission" ("id") DEFERRABLE INITIALLY DEFERRED);
CREATE TABLE IF NOT EXISTS "auth_permission" ("id" integer NOT NULL PRIMARY KEY AUTOINCREMENT, "content_type_id" integer NOT NULL REFERENCES "django_content_type" ("id") DEFERRABLE INITIALLY DEFERRED, "codename" varchar(100) NOT NULL, "name" varchar(255) NOT NULL);
INSERT INTO auth_permission VALUES(1,1,'add_logentry','Can add log entry');
INSERT INTO auth_permission VALUES(2,1,'change_logentry','Can change log entry');
INSERT INTO auth_permission VALUES(3,1,'delete_logentry','Can delete log entry');
INSERT INTO auth_permission VALUES(4,1,'view_logentry','Can view log entry');
INSERT INTO auth_permission VALUES(5,2,'add_permission','Can add permission');
INSERT INTO auth_permission VALUES(6,2,'change_permission','Can change permission');
INSERT INTO auth_permission VALUES(7,2,'delete_permission','Can delete permission');
INSERT INTO auth_permission VALUES(8,2,'view_permission','Can view permission');
INSERT INTO auth_permission VALUES(9,3,'add_group','Can add group');
INSERT INTO auth_permission VALUES(10,3,'change_group','Can change group');
INSERT INTO auth_permission VALUES(11,3,'delete_group','Can delete group');
INSERT INTO auth_permission VALUES(12,3,'view_group','Can view group');
INSERT INTO auth_permission VALUES(13,4,'add_contenttype','Can add content type');
INSERT INTO auth_permission VALUES(14,4,'change_contenttype','Can change content type');
INSERT INTO auth_permission VALUES(15,4,'delete_contenttype','Can delete content type');
INSERT INTO auth_permission VALUES(16,4,'view_contenttype','Can view content type');
INSERT INTO auth_permission VALUES(17,5,'add_session','Can add session');
INSERT INTO auth_permission VALUES(18,5,'change_session','Can change session');
INSERT INTO auth_permission VALUES(19,5,'delete_session','Can delete session');
INSERT INTO auth_permission VALUES(20,5,'view_session','Can view session');
INSERT INTO auth_permission VALUES(21,6,'add_category','Can add category');
INSERT INTO auth_permission VALUES(22,6,'change_category','Can change category');
INSERT INTO auth_permission VALUES(23,6,'delete_category','Can delete category');
INSERT INTO auth_permission VALUES(24,6,'view_category','Can view category');
INSERT INTO auth_permission VALUES(25,7,'add_customuser','Can add user');
INSERT INTO auth_permission VALUES(26,7,'change_customuser','Can change user');
INSERT INTO auth_permission VALUES(27,7,'delete_customuser','Can delete user');
INSERT INTO auth_permission VALUES(28,7,'view_customuser','Can view user');
INSERT INTO auth_permission VALUES(29,8,'add_blog','Can add blog');
INSERT INTO auth_permission VALUES(30,8,'change_blog','Can change blog');
INSERT INTO auth_permission VALUES(31,8,'delete_blog','Can delete blog');
INSERT INTO auth_permission VALUES(32,8,'view_blog','Can view blog');
INSERT INTO auth_permission VALUES(33,9,'add_comment','Can add comment');
INSERT INTO auth_permission VALUES(34,9,'change_comment','Can change comment');
INSERT INTO auth_permission VALUES(35,9,'delete_comment','Can delete comment');
INSERT INTO auth_permission VALUES(36,9,'view_comment','Can view comment');
INSERT INTO auth_permission VALUES(37,10,'add_like','Can add like');
INSERT INTO auth_permission VALUES(38,10,'change_like','Can change like');
INSERT INTO auth_permission VALUES(39,10,'delete_like','Can delete like');
INSERT INTO auth_permission VALUES(40,10,'view_like','Can view like');
INSERT INTO auth_permission VALUES(41,11,'add_notification','Can add notification');
INSERT INTO auth_permission VALUES(42,11,'change_notification','Can change notification');
INSERT INTO auth_permission VALUES(43,11,'delete_notification','Can delete notification');
INSERT INTO auth_permission VALUES(44,11,'view_notification','Can view notification');
INSERT INTO auth_permission VALUES(45,12,'add_blacklistedtoken','Can add blacklisted token');
INSERT INTO auth_permission VALUES(46,12,'change_blacklistedtoken','Can change blacklisted token');
INSERT INTO auth_permission VALUES(47,12,'delete_blacklistedtoken','Can delete blacklisted token');
INSERT INTO auth_permission VALUES(48,12,'view_blacklistedtoken','Can view blacklisted token');
INSERT INTO auth_permission VALUES(49,13,'add_outstandingtoken','Can add outstanding token');
INSERT INTO auth_permission VALUES(50,13,'change_outstandingtoken','Can change outstanding token');
INSERT INTO auth_permission VALUES(51,13,'delete_outstandingtoken','Can delete outstanding token');
INSERT INTO auth_permission VALUES(52,13,'view_outstandingtoken','Can view outstanding token');
CREATE TABLE IF NOT EXISTS "auth_group" ("id" integer NOT NULL PRIMARY KEY AUTOINCREMENT, "name" varchar(150) NOT NULL UNIQUE);
CREATE TABLE IF NOT EXISTS "Blog_category" ("id" char(32) NOT NULL PRIMARY KEY, "name" varchar(60) NOT NULL UNIQUE);
INSERT INTO Blog_category VALUES('cfe559073d204e01996632dc1082455d','Tech');
INSERT INTO Blog_category VALUES('20565dc661244aeaa146839e863e694c','Food');
CREATE TABLE IF NOT EXISTS "Blog_customuser" ("password" varchar(128) NOT NULL, "last_login" datetime NULL, "is_superuser" bool NOT NULL, "username" varchar(150) NOT NULL UNIQUE, "first_name" varchar(150) NOT NULL, "last_name" varchar(150) NOT NULL, "is_staff" bool NOT NULL, "is_active" bool NOT NULL, "date_joined" datetime NOT NULL, "id" char(32) NOT NULL PRIMARY KEY, "email" varchar(254) NOT NULL UNIQUE);
INSERT INTO Blog_customuser VALUES('pbkdf2_sha256$600000$NvlCc3YvguAdKTIQlka3Ev$0rmRheH6oG6hpYuVtS4s2XELSDJHeqb1Mv5J5OZ5C/U=','2025-05-07 05:03:16.412000',1,'admin','','',1,1,'2025-04-18 04:59:14.606000','2a54a2267d334800b5beb631899555df','admin@gmail.com');
INSERT INTO Blog_customuser VALUES('pbkdf2_sha256$600000$0OuGUcIlhKl5dyjH04zSxY$nX7AorrjMYRBNpEVxlyPZeGHqdkb+LCxPx4Ao/NDnqE=','2025-05-08 12:11:21.395495',0,'yogesh','yogesh','patel',0,1,'2025-04-18 05:00:15.049000','ffd8881fa05e444dbb9986c36ab0c781','yogesh@gmail.com');
INSERT INTO Blog_customuser VALUES('pbkdf2_sha256$600000$7KNEmYSBE5G7UDpinLZSE6$hKyxcoIiDPrNcSgj5OnBmApRWbl1mjjmbgDXH4kBnrQ=',NULL,0,'viraj','viraj','patidar',0,1,'2025-04-18 06:11:48.173000','d97c333efe404b7bbfb564e8bac5b049','viraj@gmial.com');
INSERT INTO Blog_customuser VALUES('pbkdf2_sha256$600000$CWxVumEZtObOLgaWk0aaEu$cElUcqBjaqXzMpm7FNJy/OwFfyvieAlVJJ95BtPZQg0=',NULL,0,'saloni','saloni','patel',0,1,'2025-04-22 11:30:54.324000','e1f02ecae9e44aa687bf69c7d4342a99','yogeshtech79@gmail.com');
INSERT INTO Blog_customuser VALUES('pbkdf2_sha256$600000$0UNYFkzly8qQV1LFlzvL9n$XS78nYvuRaBqtXQOmw7FMYS48F4V2po/AMHDGYevmYY=','2025-05-08 13:00:02.381641',0,'','yogesh','patel',0,1,'2025-04-29 09:00:39.966000','a81e8f75807f424dbce6ac0e7900a599','yogeshpatel792000@gmail.com');
INSERT INTO Blog_customuser VALUES('pbkdf2_sha256$600000$ol01xDsou7RStP6jXV8xkF$drnpNJVn6V1S7ZZLhFVV/fItEWjLHzvYSAyXQp7MRHA=',NULL,0,'test1234','','',0,1,'2025-05-05 07:39:38.332000','91912a06081241378a87c08dc7a0091f','test123@gmail.com');
INSERT INTO Blog_customuser VALUES('pbkdf2_sha256$600000$aWxBxGVjrowp8W4vM2AK7j$5gmNGunQZ9wY9xE4muk7LhCCAnIN4Xx9aXfxEDghI2c=',NULL,0,'test123','test','test',0,1,'2025-05-06 05:31:49.491000','4c9832cf28e343cea5e92e2f3585e39f','test@gmail.com');
CREATE TABLE IF NOT EXISTS "Blog_customuser_groups" ("id" integer NOT NULL PRIMARY KEY AUTOINCREMENT, "customuser_id" char(32) NOT NULL REFERENCES "Blog_customuser" ("id") DEFERRABLE INITIALLY DEFERRED, "group_id" integer NOT NULL REFERENCES "auth_group" ("id") DEFERRABLE INITIALLY DEFERRED);
CREATE TABLE IF NOT EXISTS "Blog_customuser_user_permissions" ("id" integer NOT NULL PRIMARY KEY AUTOINCREMENT, "customuser_id" char(32) NOT NULL REFERENCES "Blog_customuser" ("id") DEFERRABLE INITIALLY DEFERRED, "permission_id" integer NOT NULL REFERENCES "auth_permission" ("id") DEFERRABLE INITIALLY DEFERRED);
CREATE TABLE IF NOT EXISTS "django_admin_log" ("id" integer NOT NULL PRIMARY KEY AUTOINCREMENT, "object_id" text NULL, "object_repr" varchar(200) NOT NULL, "action_flag" smallint unsigned NOT NULL CHECK ("action_flag" >= 0), "change_message" text NOT NULL, "content_type_id" integer NULL REFERENCES "django_content_type" ("id") DEFERRABLE INITIALLY DEFERRED, "user_id" char(32) NOT NULL REFERENCES "Blog_customuser" ("id") DEFERRABLE INITIALLY DEFERRED, "action_time" datetime NOT NULL);
INSERT INTO django_admin_log VALUES(1,'e1617e3d-78fc-4a58-a5d0-8c9b11777686','asd@gmail.com',3,'',7,'2a54a2267d334800b5beb631899555df','2025-04-18 07:12:01.786000');
INSERT INTO django_admin_log VALUES(2,'aa28513a-6f53-4609-81a5-afcf5ba252e4','asd@gmail.com',3,'',7,'2a54a2267d334800b5beb631899555df','2025-04-18 07:25:59.154000');
CREATE TABLE IF NOT EXISTS "django_session" ("session_key" varchar(40) NOT NULL PRIMARY KEY, "session_data" text NOT NULL, "expire_date" datetime NOT NULL);
INSERT INTO django_session VALUES('lwu5i8lxzw104kjimswr3v6fyfbqk996','eyJ1c2VyX2lkIjoiMmE1NGEyMjYtN2QzMy00ODAwLWI1YmUtYjYzMTg5OTU1NWRmIn0:1u5l1u:QRk7nmMFNk86OGlFZiMsKNBVI_jb7bMCVPBvN6DjAUs','2025-05-02 12:41:14.758000');
INSERT INTO django_session VALUES('z5djaaz1vrsek5xmpxggjmgm61cavbt0','.eJxVjEsOwjAMBe-SNYmaxnYwS_acoXIahxZQK_WzQtydVuoC3nZm3ts0si5ds846NX02F1MLgtQ12ZhDsHCuKpswqU0U_JkZEXMxp98sSfvUYW_zQ4b76NpxWKY-uV1xB53dbcz6uh7u30Enc7fVDBxCYQBhn4Ry8aCYMEYgJKG2sHKIGYHrbUG9RCLySBxZJVbm8wVwYT9f:1u5iQH:7x6nNO7DdVS0PE3VlgnAPSQ3bzrNJhe9_C7Om2rkw4s','2025-05-02 09:54:13.012000');
INSERT INTO django_session VALUES('z1f0j83cyb4so3f1oyq69xf81iow4v39','eyJ1c2VyX2lkIjoiN2VhNmI4MjItY2ZjMi00OWE3LWE3MTUtY2FjZmUwYjdhODQ1In0:1u77lr:bNBDdzl3dExQ_H103EbLtXzqf8ikOnsayWTmoD07VKI','2025-05-06 07:10:19.739000');
INSERT INTO django_session VALUES('q6vrkgrswl2t7cci71mzt657mqd8plzv','eyJ1c2VyX2lkIjoiZmZkODg4MWYtYTA1ZS00NDRkLWJiOTktODZjMzZhYjBjNzgxIn0:1u7pb9:ZuxQ8UvG4NUUOmYjhQuQQAdfM8qRBFv3eq_AAy_FVxg','2025-05-08 05:58:11.634000');
INSERT INTO django_session VALUES('3tsfnh409wex233lg0ed15cjl4gzjzgf','eyJ1c2VyX2lkIjoiZmZkODg4MWYtYTA1ZS00NDRkLWJiOTktODZjMzZhYjBjNzgxIn0:1u8I1E:2YL-WSSiA_IZM3OTW06Xhfda_Cv04kDJYVeX_m4vvck','2025-05-09 12:19:00.146000');
INSERT INTO django_session VALUES('t3nj5ttc3e51s7rx7sw3rac3jwdzh0m1','.eJxVzMsOwiAQheF3YS2knQEGXLr3GRqGAVs1bdLLyvju2qQLXZ__Oy_VpW3tu20pczeIOivfAGAsQTNa0BZdq1PBoh2xJ6ohOw7q9Ms45UcZdyv3NN4mk6dxnQc2e2KOdTHXScrzcrR_B31a-q92LiI0nslWFsHA4iIBxRwJyeZY0VHOxQIShQqprdB64NrYmoUE1fsDeshATA:1uANpQ:NwhSVN08rmfDgyOk3OqdrR7MIZeNFHvlwT_1mZCS09U','2025-05-15 06:55:28.305000');
INSERT INTO django_session VALUES('njn9aqgxz8st322f7a9i5sspfo5cdsr2','.eJxVzDsOwjAQRdG9uCbWOP6NKelZQzS2Z0gAJVI-FWLvECkF1O-e91IdbWvfbQvP3VDVWYlURDTSEHhunHO1yTmlBkOxgTKUiEadflmm8uBxt_VO423SZRrXech6T_SxLvo6VX5ejvbvoKel_2oDtkL1iYAygs-RW5EA4hmFoTWBIVSwJQkWNCwRyEUuYsQJWsnq_QEsYUIR:1uCdHP:8POJVP88a-MIyoFxjJ57BQv3f5MEAzTKZFW0SOO9UUw','2025-05-21 11:49:39.818587');
INSERT INTO django_session VALUES('eduiah9jj6stccdxmrj6veztcfvljfcu','e30:1uD05E:K_T0uOMk7ieH-NsF3oL_626ohLaabrSjK4pV8jgSTkk','2025-05-22 12:10:36.493527');
INSERT INTO django_session VALUES('3y7znutbmo457iwvp5wb5j1uzkrwwid0','e30:1uD0pV:GVGKT3Ii9jPhkB-5lbga8ZCPhArg5WmIua4ylJpr5PM','2025-05-22 12:58:25.389405');
INSERT INTO django_session VALUES('p0mabkq4w5wm1dwjmjmwylird2talch2','.eJxVy00KwjAQQOG7ZG1K_ifjzqIewAuESTqxxapg7Uq8uxW60O3jfS-RaH72aZ74kYZObAVFzbGCl1FBlc64TubCQVJRDKgUeUSx-WWZyoVvX9uO9_P-dGzWMjWHKw3jbjnb9fmDPU39orwl56IpIaPFSt5C1dY6NiEDZGUilqqxKvYemJGU5w6QA2XUXGMR7w9wsT23:1uD0r4:o4Qdpac_5dHzWnWy-hJp5AsuoTRv5wkDpJYLygwRRDk','2025-05-22 13:00:02.453431');
CREATE TABLE IF NOT EXISTS "Blog_comment" ("id" char(32) NOT NULL PRIMARY KEY, "content" text NOT NULL, "created_at" datetime NOT NULL, "blog_id" char(32) NOT NULL REFERENCES "Blog_blog" ("id") DEFERRABLE INITIALLY DEFERRED, "user_id" char(32) NOT NULL REFERENCES "Blog_customuser" ("id") DEFERRABLE INITIALLY DEFERRED, "parent_id" char(32) NULL REFERENCES "Blog_comment" ("id") DEFERRABLE INITIALLY DEFERRED);
INSERT INTO Blog_comment VALUES('d930a5cda7f543488283b098ffbd9c1f','gfdsgs','2025-04-25 12:20:22.063000','3fa93920b09d4110aa928cb8ecefa0b7','ffd8881fa05e444dbb9986c36ab0c781',NULL);
INSERT INTO Blog_comment VALUES('7e4f7d01c34f4632b58007f852e8a2e9','spicy','2025-05-07 05:05:20.316000','4d4f91b5df304348a86bfb46d940ee36','ffd8881fa05e444dbb9986c36ab0c781',NULL);
INSERT INTO Blog_comment VALUES('f9af1006b9de4eb3b2ac7403167ced24','sdf','2025-05-08 10:49:31.373272','4d4f91b5df304348a86bfb46d940ee36','ffd8881fa05e444dbb9986c36ab0c781','7e4f7d01c34f4632b58007f852e8a2e9');
INSERT INTO Blog_comment VALUES('b5d8816d8d9944be88e309c204bf14ff','dsf','2025-05-08 10:49:41.674342','4d4f91b5df304348a86bfb46d940ee36','ffd8881fa05e444dbb9986c36ab0c781','7e4f7d01c34f4632b58007f852e8a2e9');
INSERT INTO Blog_comment VALUES('c4db76cef0a74feeb806f64620238c4f','da','2025-05-08 10:51:39.005382','4d4f91b5df304348a86bfb46d940ee36','ffd8881fa05e444dbb9986c36ab0c781','7e4f7d01c34f4632b58007f852e8a2e9');
CREATE TABLE IF NOT EXISTS "Blog_like" ("id" char(32) NOT NULL PRIMARY KEY, "created_at" datetime NOT NULL, "blog_id" char(32) NOT NULL REFERENCES "Blog_blog" ("id") DEFERRABLE INITIALLY DEFERRED, "user_id" char(32) NOT NULL REFERENCES "Blog_customuser" ("id") DEFERRABLE INITIALLY DEFERRED);
INSERT INTO Blog_like VALUES('475360af43d54314903c61e54c430886','2025-04-21 06:07:52.184000','4d4f91b5df304348a86bfb46d940ee36','ffd8881fa05e444dbb9986c36ab0c781');
INSERT INTO Blog_like VALUES('57f42a0e08c14c2a9eddcb18ccccf10c','2025-04-21 06:11:56.341000','4d4f91b5df304348a86bfb46d940ee36','d97c333efe404b7bbfb564e8bac5b049');
INSERT INTO Blog_like VALUES('3851d0fbff64419fa5de30f613a6fb00','2025-04-21 06:12:02.350000','3fa93920b09d4110aa928cb8ecefa0b7','d97c333efe404b7bbfb564e8bac5b049');
CREATE TABLE IF NOT EXISTS "Blog_notification" ("id" integer NOT NULL PRIMARY KEY AUTOINCREMENT, "message" text NOT NULL, "timestamp" datetime NOT NULL, "is_read" bool NOT NULL, "user_id" char(32) NOT NULL REFERENCES "Blog_customuser" ("id") DEFERRABLE INITIALLY DEFERRED);
INSERT INTO Blog_notification VALUES(1,'yogesh commented: sfasd','2025-04-24 06:45:15.571000',0,'d97c333efe404b7bbfb564e8bac5b049');
INSERT INTO Blog_notification VALUES(2,'yogesh commented: gfdsgs','2025-04-25 12:20:22.174000',0,'d97c333efe404b7bbfb564e8bac5b049');
INSERT INTO Blog_notification VALUES(3,'yogesh commented: fdsg','2025-04-25 12:22:39.351000',0,'d97c333efe404b7bbfb564e8bac5b049');
INSERT INTO Blog_notification VALUES(4,'yogesh commented: fsf','2025-04-25 12:23:14.142000',0,'d97c333efe404b7bbfb564e8bac5b049');
INSERT INTO Blog_notification VALUES(5,'test123 commented: test','2025-04-30 09:00:20.243000',0,'ffd8881fa05e444dbb9986c36ab0c781');
INSERT INTO Blog_notification VALUES(6,'test123 commented: 123','2025-04-30 09:10:36.970000',0,'ffd8881fa05e444dbb9986c36ab0c781');
CREATE TABLE IF NOT EXISTS "Blog_blog" ("id" char(32) NOT NULL PRIMARY KEY, "title" varchar(200) NOT NULL, "content" text NOT NULL, "created_at" datetime NOT NULL, "updated_at" datetime NOT NULL, "featured_image" varchar(100) NULL, "status" varchar(10) NOT NULL, "user_id" char(32) NOT NULL REFERENCES "Blog_customuser" ("id") DEFERRABLE INITIALLY DEFERRED, "category_id" char(32) NULL REFERENCES "Blog_category" ("id") DEFERRABLE INITIALLY DEFERRED);
INSERT INTO Blog_blog VALUES('4d4f91b5df304348a86bfb46d940ee36','OPINION How Intel and Others Can Help Western Carmakers Compete With China','R&D cycles for Chinese EVs typically span nine to 18 months. In contrast, many Western automakers require five to seven years to bring a new vehicle from concept to production. If this gap isn’t closed fast, the Western auto industry could become irrelevant by 2030.','2025-04-18 05:29:36.940000','2025-05-07 11:49:47.728864','blog_images/Sheet-Pan-Salmon-with-Dill-Potatoes-8.jpg','approved','ffd8881fa05e444dbb9986c36ab0c781','20565dc661244aeaa146839e863e694c');
INSERT INTO Blog_blog VALUES('3fa93920b09d4110aa928cb8ecefa0b7','Sheet Pan Salmon with Dill Potatoes','Simple and delicious salmon and potatoes roasted on a sheet pan and covered in a garlic dill butter sauce! One of my family’s favorite dinners.','2025-04-18 06:12:51.485000','2025-05-07 05:04:40.180000','blog_images/Sheet-Pan-Salmon-with-Dill-Potatoes-8_p94WGQJ.jpg','reject','d97c333efe404b7bbfb564e8bac5b049','20565dc661244aeaa146839e863e694c');
INSERT INTO Blog_blog VALUES('6ccbf96b764641b7945003717a5eaa73','HP','At its recent NTT Research Upgrade 2025 event, NTT opted not to lead. Instead, a bold, clear articulation of vision and ambition became a disjointed series of ideas, framed more as academic explorations than strategic imperatives..','2025-04-29 12:51:24.272000','2025-05-07 05:04:22.027000','blog_images/hp-sign.jpg','approved','ffd8881fa05e444dbb9986c36ab0c781','cfe559073d204e01996632dc1082455d');
CREATE TABLE IF NOT EXISTS "token_blacklist_blacklistedtoken" ("blacklisted_at" datetime NOT NULL, "token_id" bigint NOT NULL UNIQUE REFERENCES "token_blacklist_outstandingtoken" ("id") DEFERRABLE INITIALLY DEFERRED, "id" integer NOT NULL PRIMARY KEY AUTOINCREMENT);
INSERT INTO token_blacklist_blacklistedtoken VALUES('2025-05-07 12:05:32.806609',21,15);
INSERT INTO token_blacklist_blacklistedtoken VALUES('2025-05-07 12:07:48.755696',22,16);
INSERT INTO token_blacklist_blacklistedtoken VALUES('2025-05-07 12:10:09.059947',23,17);
INSERT INTO token_blacklist_blacklistedtoken VALUES('2025-05-07 12:31:47.586280',25,18);
CREATE TABLE IF NOT EXISTS "token_blacklist_outstandingtoken" ("token" text NOT NULL, "created_at" datetime NULL, "expires_at" datetime NOT NULL, "user_id" char(32) NULL REFERENCES "Blog_customuser" ("id") DEFERRABLE INITIALLY DEFERRED, "jti" varchar(255) NOT NULL UNIQUE, "id" integer NOT NULL PRIMARY KEY AUTOINCREMENT);
INSERT INTO token_blacklist_outstandingtoken VALUES('eyJhbGciOiJIUzI1NiIsInR5cCI6IkpXVCJ9.eyJ0b2tlbl90eXBlIjoicmVmcmVzaCIsImV4cCI6MTc0NjcwNTkxMiwiaWF0IjoxNzQ2NjE5NTEyLCJqdGkiOiJmNjk4YWE0NjUzNWU0NWU0YjA5NDQ4YmNiZTRiN2ZiOSIsInVzZXJfaWQiOiI0Yzk4MzJjZi0yOGUzLTQzY2UtYTVlOS0yZTJmMzU4NWUzOWYifQ.uYlTZPsgqoWkjPFcc4cJtou5_b7qqLQoWjVXq7JqwFo','2025-05-07 12:05:12.960034','2025-05-08 12:05:12','4c9832cf28e343cea5e92e2f3585e39f','f698aa46535e45e4b09448bcbe4b7fb9',21);
INSERT INTO token_blacklist_outstandingtoken VALUES('eyJhbGciOiJIUzI1NiIsInR5cCI6IkpXVCJ9.eyJ0b2tlbl90eXBlIjoicmVmcmVzaCIsImV4cCI6MTc0NjcwNjAyMiwiaWF0IjoxNzQ2NjE5NjIyLCJqdGkiOiJhZmQ1MDNlMjU2NjQ0ODEyODYzMDllZjM0YmM2YzcwMyIsInVzZXJfaWQiOiI0Yzk4MzJjZi0yOGUzLTQzY2UtYTVlOS0yZTJmMzU4NWUzOWYifQ.1OVUkP1Ax-rIg97-VXouWQOr34hRde7NiqB9EvWOtXk','2025-05-07 12:07:02.928093','2025-05-08 12:07:02','4c9832cf28e343cea5e92e2f3585e39f','afd503e25664481286309ef34bc6c703',22);
INSERT INTO token_blacklist_outstandingtoken VALUES('eyJhbGciOiJIUzI1NiIsInR5cCI6IkpXVCJ9.eyJ0b2tlbl90eXBlIjoicmVmcmVzaCIsImV4cCI6MTc0NjcwNjIwMiwiaWF0IjoxNzQ2NjE5ODAyLCJqdGkiOiI3MzI1NDM4YjExYjg0MzU3ODQ5NzhjZjAwMGU0ZTJhMiIsInVzZXJfaWQiOiI0Yzk4MzJjZi0yOGUzLTQzY2UtYTVlOS0yZTJmMzU4NWUzOWYifQ.F2JDluakKuZOn8u81MlhNgq3igtmloPueox-jL0lIAg','2025-05-07 12:10:02.788290','2025-05-08 12:10:02','4c9832cf28e343cea5e92e2f3585e39f','7325438b11b8435784978cf000e4e2a2',23);
INSERT INTO token_blacklist_outstandingtoken VALUES('eyJhbGciOiJIUzI1NiIsInR5cCI6IkpXVCJ9.eyJ0b2tlbl90eXBlIjoicmVmcmVzaCIsImV4cCI6MTc0NjcwNjg5MSwiaWF0IjoxNzQ2NjIwNDkxLCJqdGkiOiI4NDRjY2NmY2QyMGM0ZTM1OGQxMTcyNDE1MmZhOTAwZSIsInVzZXJfaWQiOiI0Yzk4MzJjZi0yOGUzLTQzY2UtYTVlOS0yZTJmMzU4NWUzOWYifQ.t1cab3J5pfvBI9Nw0wPktCKiIxOtsVKmKLiOoi3-3-k','2025-05-07 12:21:31.599804','2025-05-08 12:21:31','4c9832cf28e343cea5e92e2f3585e39f','844cccfcd20c4e358d11724152fa900e',24);
INSERT INTO token_blacklist_outstandingtoken VALUES('eyJhbGciOiJIUzI1NiIsInR5cCI6IkpXVCJ9.eyJ0b2tlbl90eXBlIjoicmVmcmVzaCIsImV4cCI6MTc0NjcwNzI3OSwiaWF0IjoxNzQ2NjIwODc5LCJqdGkiOiJiMzFjMmMwNTA0OWU0NWY5ODFkOWU1ZTg1YzFhZWRjZSIsInVzZXJfaWQiOiIyYTU0YTIyNi03ZDMzLTQ4MDAtYjViZS1iNjMxODk5NTU1ZGYifQ.RPj3Ok4OuEeHYWumA-GOWBmQPq4OTjkv-AY6cMiV2gQ','2025-05-07 12:27:59.555829','2025-05-08 12:27:59','2a54a2267d334800b5beb631899555df','b31c2c05049e45f981d9e5e85c1aedce',25);
DELETE FROM sqlite_sequence;
INSERT INTO sqlite_sequence VALUES('django_migrations',35);
INSERT INTO sqlite_sequence VALUES('django_content_type',13);
INSERT INTO sqlite_sequence VALUES('auth_permission',52);
INSERT INTO sqlite_sequence VALUES('auth_group',0);
INSERT INTO sqlite_sequence VALUES('django_admin_log',2);
INSERT INTO sqlite_sequence VALUES('Blog_notification',6);
INSERT INTO sqlite_sequence VALUES('token_blacklist_blacklistedtoken',18);
INSERT INTO sqlite_sequence VALUES('token_blacklist_outstandingtoken',25);
CREATE UNIQUE INDEX "django_content_type_app_label_model_76bd3d3b_uniq" ON "django_content_type" ("app_label", "model");
CREATE UNIQUE INDEX "auth_group_permissions_group_id_permission_id_0cd325b0_uniq" ON "auth_group_permissions" ("group_id", "permission_id");
CREATE INDEX "auth_group_permissions_group_id_b120cbf9" ON "auth_group_permissions" ("group_id");
CREATE INDEX "auth_group_permissions_permission_id_84c5c92e" ON "auth_group_permissions" ("permission_id");
CREATE UNIQUE INDEX "auth_permission_content_type_id_codename_01ab375a_uniq" ON "auth_permission" ("content_type_id", "codename");
CREATE INDEX "auth_permission_content_type_id_2f476e4b" ON "auth_permission" ("content_type_id");
CREATE UNIQUE INDEX "Blog_customuser_groups_customuser_id_group_id_8ddab628_uniq" ON "Blog_customuser_groups" ("customuser_id", "group_id");
CREATE INDEX "Blog_customuser_groups_customuser_id_333011d6" ON "Blog_customuser_groups" ("customuser_id");
CREATE INDEX "Blog_customuser_groups_group_id_2518eeea" ON "Blog_customuser_groups" ("group_id");
CREATE UNIQUE INDEX "Blog_customuser_user_permissions_customuser_id_permission_id_66b31f1a_uniq" ON "Blog_customuser_user_permissions" ("customuser_id", "permission_id");
CREATE INDEX "Blog_customuser_user_permissions_customuser_id_3e584f6e" ON "Blog_customuser_user_permissions" ("customuser_id");
CREATE INDEX "Blog_customuser_user_permissions_permission_id_a67dd5c7" ON "Blog_customuser_user_permissions" ("permission_id");
CREATE INDEX "django_admin_log_content_type_id_c4bce8eb" ON "django_admin_log" ("content_type_id");
CREATE INDEX "django_admin_log_user_id_c564eba6" ON "django_admin_log" ("user_id");
CREATE INDEX "django_session_expire_date_a5c62663" ON "django_session" ("expire_date");
CREATE INDEX "Blog_comment_blog_id_9e9c0c78" ON "Blog_comment" ("blog_id");
CREATE INDEX "Blog_comment_user_id_ac177ed5" ON "Blog_comment" ("user_id");
CREATE UNIQUE INDEX "Blog_like_user_id_blog_id_b756afda_uniq" ON "Blog_like" ("user_id", "blog_id");
CREATE INDEX "Blog_like_blog_id_22c90896" ON "Blog_like" ("blog_id");
CREATE INDEX "Blog_like_user_id_26594eb7" ON "Blog_like" ("user_id");
CREATE INDEX "Blog_notification_user_id_63d882c4" ON "Blog_notification" ("user_id");
CREATE INDEX "Blog_comment_parent_id_169ee1fc" ON "Blog_comment" ("parent_id");
CREATE INDEX "Blog_blog_user_id_30790a38" ON "Blog_blog" ("user_id");
CREATE INDEX "Blog_blog_category_id_0138f8a9" ON "Blog_blog" ("category_id");
CREATE INDEX "token_blacklist_outstandingtoken_user_id_83bc629a" ON "token_blacklist_outstandingtoken" ("user_id");
COMMIT;
